{"lats": [-74.21620096399991, -74.18016261456737, -74.14412426513482, -74.10808591570226, -74.07204756626972, -74.03600921683717, -73.99997086740463, -73.96393251797208], "lons": [4.38981655133336, 4.425854900765907, 4.461893250198456, 4.497931599631003, 4.53396994906355, 4.570008298496099, 4.606046647928646, 4.642084997361193, 4.6781233467937415, 4.714161696226289, 4.750200045658836, 4.7862383950913845, 4.822276744523932, 4.858315093956479], "matrix_intensity": [[9.879294499873588e-43, 0.015783482243250144, 0.238990737147022, 2.8273724464131035e-24, 1.470778160147746e-58, 1.7052774976525252e-206, 7.188685684338651e-213], [1.0064307561738379e-07, 3.3964859896634325e-10, 0.029672272622711684, 1.6380552511368131e-18, 6.020865961888463e-37, 8.38142677031816e-130, 1.0012087995186681e-204], [0.0011360610414603474, 0.05711209738300609, 0.06947089309262884, 1.1695651200872963, 1.6720006641885624e-10, 2.6152182509360604e-65, 6.010777096668067e-123], [7.538951272106672e-19, 0.07117469722791263, 10.292428873510993, 5.3319437289593665, 7.574827897112827e-16, 7.951871999846527e-42, 2.719146892935931e-101], [1.686781565750591e-07, 15.901152956484395, 45.93993280610424, 62.91292096450729, 0.09804654680794117, 2.1157521590408275e-14, 4.952665219474645e-81], [46.67052941223717, 37.71207202221583, 36.247598100026394, 39.29952419880357, 13.009132297395468, 9.053664088237254e-06, 4.490415025427559e-72], [40.59137002860107, 63.7226633814806, 30.523676240500162, 27.93330501796995, 0.19242527732036643, 1.986455910168862e-06, 3.275174536009126e-26], [0.2967579691384254, 5.483599972464999, 7.5838530229818595, 17.162222353122203, 12.602453994201309, 0.00211216918312107, 8.5773592972241585e-19], [8.101916042190529e-10, 12.695089304579174, 39.34074948676144, 42.88905537863294, 13.831549385463445, 0.029376978011945238, 3.9949252764377163e-29], [9.232243230089954e-08, 2.1713659407062042e-05, 9.281956920549748, 30.78436725504776, 14.251412320702045, 30.33443043739971, 4.159692152958143e-18], [9.166719826983159e-70, 2.474452549354334e-13, 0.20146547421754377, 0.0031396783917673103, 12.3676524385262, 2.1718082573833426, 1.1194438653991826e-18], [7.030467917476958e-118, 1.5515867753288356e-26, 1.073522452413208e-13, 0.00016588383488824916, 5.3963536929222605e-05, 5.6806729595588434e-09, 4.28262826217972e-15], [3.999261504645529e-153, 9.505625835507333e-69, 3.834230914276657e-29, 1.3002378120147963e-22, 5.473588790728374e-16, 6.2788374514142e-10, 8.689085901439518e-53]]}