{"lats": [-74.21620096399991, -74.19818178928364, -74.18016261456737, -74.16214343985109, -74.14412426513482, -74.12610509041853, -74.10808591570226, -74.09006674098599, -74.07204756626972, -74.05402839155344, -74.03600921683717, -74.0179900421209, -73.99997086740463, -73.98195169268836], "lons": [4.38981655133336, 4.407835726049634, 4.425854900765907, 4.4438740754821815, 4.461893250198456, 4.479912424914729, 4.497931599631003, 4.515950774347277, 4.53396994906355, 4.5519891237798245, 4.570008298496099, 4.588027473212372, 4.606046647928646, 4.62406582264492, 4.642084997361193, 4.660104172077467, 4.6781233467937415, 4.696142521510015, 4.714161696226289, 4.732180870942563, 4.750200045658836, 4.76821922037511, 4.7862383950913845, 4.804257569807658, 4.822276744523932, 4.840295919240205], "matrix_intensity": [[4.2856540146358524e-54, 5.646707237331951e-35, 2.93324180906009e-09, 0.3083175302573572, 7.892500984711252, 0.0001736168814336745, 2.38671733007385e-22, 3.992876458101712e-48, 3.071488250682028e-85, 5.445653101590727e-93, 5.822606711873458e-133, 1.0445988366208869e-181, 1.4201712428051147e-232], [4.3802446054574705e-32, 5.418635858653378e-30, 3.9784302967419644e-14, 1.0950848694921455e-07, 0.8031967009628314, 1.7636297175389808e-11, 2.7501024985646343e-15, 2.4404864279133452e-31, 9.870086230969328e-60, 8.637993018086297e-74, 5.081372937709773e-114, 2.637262508558856e-154, 2.534196021810305e-215], [2.9096332158401844e-27, 6.114504304862454e-19, 1.9641691894542316e-13, 3.926920751797051e-09, 4.621169869030737e-05, 1.4266561208851657e-07, 3.8911433484456127e-19, 4.799834510739835e-19, 1.0958512197448936e-40, 2.823506680948538e-72, 1.4957862444230776e-78, 2.0557915959747282e-123, 1.839978935262118e-179], [2.3371782409723103e-20, 2.191822106804651e-12, 9.695919400416095e-05, 8.384387142861476e-10, 0.09338497274514578, 0.004626562592036604, 6.944560216721841e-08, 1.328883260385381e-09, 2.0240630877822775e-21, 5.740417805823998e-52, 9.790204807219149e-65, 2.100809003939903e-117, 2.894375591923966e-180], [2.924856876782524e-20, 1.0319786048568624e-05, 1.9319088070434678, 0.00021251214154597819, 1.4279269709586104, 0.05933334876870243, 0.4588030936892027, 0.0001287811463981031, 3.126351411952448e-11, 1.2540276770395191e-30, 8.282472302817159e-67, 1.2124943716398396e-99, 4.355280062767214e-126], [5.9675185023586385e-30, 1.555752278165916e-09, 0.30635430992760415, 2.058597830107175, 5.463953627729317, 6.72139255536902, 6.191045714117445, 0.19227834308718034, 1.5048986213965389e-05, 8.866370197987255e-37, 3.4513806611749633e-42, 7.300622150535495e-80, 4.07956345578275e-108], [1.4412386192922148e-33, 2.1064241307216752e-08, 0.006315476781394289, 3.3348849483039693, 3.1014321176773985, 32.00236502627219, 28.598441854786195, 8.404777718647813, 1.2783286410993216e-09, 5.41775321575529e-17, 4.949310484714142e-35, 5.41857899899121e-57, 1.8312823832197649e-106], [1.3179618778164295e-21, 1.448262630979227e-13, 1.3730682980130333, 6.413896680416658, 1.176287673703733, 14.191034457955343, 4.307268088289214, 10.342221539835498, 0.0684243447564603, 1.1745057233699996e-09, 1.098136149552659e-29, 5.214067197095668e-60, 1.495798640729507e-91], [2.8712598241916235e-14, 0.0002967325762809721, 0.2877400752670264, 31.592624174943182, 40.76833115350158, 48.32433163371748, 47.63467551021135, 6.660932918340096, 0.9545614235934506, 1.8058456932728695e-06, 6.458668160821515e-18, 5.269402797032975e-51, 4.028254373391382e-57], [3.619805069295064e-06, 1.3754966589788153e-05, 15.457290799610513, 27.580280998680173, 36.31309126451292, 55.14377299032805, 60.384715009283084, 34.500934834201615, 13.16916327465514, 0.005995419458571266, 1.1027657013907456e-15, 4.687528259470707e-26, 6.180517084637121e-57], [0.03798210478521078, 3.690763687283171, 21.54343988621157, 40.09817244784104, 32.94390854393942, 32.53718152610712, 82.72628502581696, 34.07136581821627, 1.4993593553708517, 0.5620495350796839, 3.381236816734298e-07, 4.9948180773825754e-12, 1.9079261300569613e-56], [4.3949045484791425, 18.683742644478922, 33.891329639499396, 28.529583983810923, 65.47457945808614, 31.926043709267354, 31.332321352722396, 32.26847575468707, 2.04817404669078, 10.445068618569666, 0.0014103596586907314, 2.317651219638845e-24, 2.47826824206762e-30], [61.35033371097339, 68.50910101135543, 56.00265160098357, 76.42939057879713, 36.02462761126458, 35.3028960660423, 11.177114228976777, 26.175378333142945, 1.8393545562895577, 0.007718262029434303, 0.003393910790701802, 8.075355356261644e-15, 7.483935935317999e-46], [16.96534706142201, 75.72116911193345, 75.45304620983299, 67.72223080144252, 18.680380433115232, 19.476513908485124, 18.39358999691835, 16.811848000158342, 20.01231338580165, 3.874265000939826, 0.00022518464120955604, 9.067423754556408e-06, 8.082180409260359e-31], [7.987662123725146, 23.11898723692087, 46.83497877575769, 23.562257573085688, 18.77359328317371, 3.042683863513633, 1.8528219990951265, 27.705933426468064, 43.391164587911824, 8.04545486873134, 0.7704993271723943, 0.24242772708020546, 1.1662178339649715e-17], [0.0005696054884951224, 0.0032478100354706133, 8.541672640687747, 20.380408627179463, 49.474020675124706, 6.415967915085706, 8.672959712625557, 27.141478550474506, 10.719405139521925, 4.064817671998983, 0.5721411390896766, 0.1891026703344417, 8.637781778471898e-15], [4.65677668627415e-10, 0.06107885857125528, 15.49628025646656, 13.361308082595102, 23.446680278988147, 8.620639757671132, 24.840252338144825, 24.405895690346732, 11.351647825487737, 8.97388175188253, 0.08264792414361323, 0.03719074149184553, 1.0718384319205923e-13], [2.5938536284419347e-37, 9.154834801171552e-08, 2.6793779502766886, 1.8002400989265408, 46.83671335831998, 65.012412244794, 29.98337260289471, 7.098001758900994, 14.390917554409665, 15.939843313696723, 2.6404210728481003, 0.5385645664262707, 5.488421398241363e-09], [9.685929397420766e-29, 1.0600005661176336e-17, 0.0022720629129085366, 2.223054616550578e-05, 4.745747766229429, 24.620520382654973, 70.97473493558363, 33.64713083815663, 10.635955236535937, 20.751540448153325, 14.71727032444153, 1.858917964563007, 1.9706731916178695e-09], [2.3679899670390504e-51, 9.974341742962195e-22, 3.153885887576748e-16, 0.0008558154203658763, 14.660935160801925, 50.66663249094366, 62.821103291321606, 43.58527686600647, 7.432654062255564, 27.931963576783545, 41.04833060760421, 6.941654968024341, 1.3029062857991412e-06], [1.7210057902598928e-55, 1.41410111393166e-39, 1.672708554921393e-18, 2.9261727095524844e-16, 0.291879741330499, 45.738838091508654, 31.25653729614978, 11.674320753437623, 15.355364439224441, 18.02231994489632, 20.21985412732458, 0.19132276752129657, 6.581864164450958e-12], [1.2651971924868744e-67, 3.934114118149869e-55, 7.583642622289981e-29, 3.852276268124206e-15, 0.0026755658164903527, 0.06420248769396454, 0.02817746262655861, 7.130155279851017, 0.3621576007632117, 0.7324206889817475, 3.743718891465775, 0.0019533946042684575, 1.2372651687635138e-13], [1.5046365167957372e-97, 6.831576583567096e-72, 8.558850525906993e-54, 4.955132686496143e-28, 7.912851332642496e-13, 1.8993038974692802e-06, 1.4486761515125273e-06, 1.654509710942604e-08, 0.0002579261680824801, 0.0009068080289231972, 0.00019555129216928825, 4.258421967902257e-06, 6.04741243478483e-11], [1.7027481851188567e-127, 6.113112854945878e-93, 3.0769520829513923e-75, 5.716861600575459e-37, 5.309594548809324e-26, 7.23117891997783e-15, 3.1383684429983744e-15, 2.238992960745647e-10, 1.2381673423011615e-11, 3.0171934223419736e-08, 7.705473957113504e-07, 8.46624946442481e-08, 2.1119699245249645e-18], [1.938735852512906e-172, 5.120952512520772e-115, 5.077730488179111e-97, 6.245677255321055e-68, 2.21940923403323e-33, 1.464833408662868e-34, 9.073126835836379e-22, 3.01990701492096e-22, 2.816288972869122e-14, 1.2719480176338803e-07, 1.2109368507943587e-08, 5.070354508774698e-15, 3.339722232631171e-19]]}